﻿pos_x,pos_y,rotation,side,designator,mpn,pack,footprint,value,mount_type
315.085786,-320.414214,45.0,bottom,BT1,,,JST_PH_S2B-PH-K_1x02_P2.00mm_Horizontal,Battery Connector,tht
223.0,-208.5,180.0,top,D10,,,LED_WS2812B-2020_PLCC4_2.0x2.0mm,WS2812C-2020,smt
220.415,-224.55,0.0,top,D11,,,LED_WS2812B-2020_PLCC4_2.0x2.0mm,WS2812C-2020,smt
227.915,-244.45,180.0,top,D12,,,LED_WS2812B-2020_PLCC4_2.0x2.0mm,WS2812C-2020,smt
236.962629,-245.257651,180.0,top,D13,,,LED_WS2812B-2020_PLCC4_2.0x2.0mm,WS2812C-2020,smt
243.665553,-235.0,180.0,top,D14,,,LED_WS2812B-2020_PLCC4_2.0x2.0mm,WS2812C-2020,smt
279.0,-169.5,0.0,top,D15,,,LED_WS2812B-2020_PLCC4_2.0x2.0mm,WS2812C-2020,smt
279.5,-180.0,0.0,top,D16,,,LED_WS2812B-2020_PLCC4_2.0x2.0mm,WS2812C-2020,smt
277.0,-166.0,0.0,top,D17,,,LED_WS2812B-2020_PLCC4_2.0x2.0mm,WS2812C-2020,smt
274.5,-176.0,0.0,top,D18,,,LED_WS2812B-2020_PLCC4_2.0x2.0mm,WS2812C-2020,smt
290.085,-243.95,180.0,top,D19,,,LED_WS2812B-2020_PLCC4_2.0x2.0mm,WS2812C-2020,smt
201.5,-164.5,180.0,top,D2,,,LED_WS2812B-2020_PLCC4_2.0x2.0mm,WS2812C-2020,smt
297.915,-162.05,180.0,top,D20,,,LED_WS2812B-2020_PLCC4_2.0x2.0mm,WS2812C-2020,smt
312.0,-180.5,180.0,top,D21,,,LED_WS2812B-2020_PLCC4_2.0x2.0mm,WS2812C-2020,smt
297.5,-186.0,0.0,top,D22,,,LED_WS2812B-2020_PLCC4_2.0x2.0mm,WS2812C-2020,smt
225.5,-317.0,-45.0,bottom,D23,,,LED_WS2812B_PLCC4_5.0x5.0mm_P3.2mm,WS2812C,smt
199.75,-291.0,-45.0,bottom,D24,,,LED_WS2812B_PLCC4_5.0x5.0mm_P3.2mm,WS2812C,smt
174.0,-265.0,-45.0,bottom,D25,,,LED_WS2812B_PLCC4_5.0x5.0mm_P3.2mm,WS2812C,smt
148.25,-239.0,-45.0,bottom,D26,,,LED_WS2812B_PLCC4_5.0x5.0mm_P3.2mm,WS2812C,smt
122.5,-213.0,-90.0,bottom,D27,,,LED_WS2812B_PLCC4_5.0x5.0mm_P3.2mm,WS2812C,smt
145.45,-188.65,-135.0,bottom,D28,,,LED_WS2812B_PLCC4_5.0x5.0mm_P3.2mm,WS2812C,smt
171.76,-162.82,-135.0,bottom,D29,,,LED_WS2812B_PLCC4_5.0x5.0mm_P3.2mm,WS2812C,smt
209.5,-185.0,0.0,top,D3,,,LED_WS2812B-2020_PLCC4_2.0x2.0mm,WS2812C-2020,smt
198.07,-136.99,-135.0,bottom,D30,,,LED_WS2812B_PLCC4_5.0x5.0mm_P3.2mm,WS2812C,smt
224.38,-111.16,-135.0,bottom,D31,,,LED_WS2812B_PLCC4_5.0x5.0mm_P3.2mm,WS2812C,smt
250.69,-85.33,-135.0,bottom,D32,,,LED_WS2812B_PLCC4_5.0x5.0mm_P3.2mm,WS2812C,smt
277.0,-59.5,180.0,bottom,D33,,,LED_WS2812B_PLCC4_5.0x5.0mm_P3.2mm,WS2812C,smt
302.775,-85.083333,135.0,bottom,D34,,,LED_WS2812B_PLCC4_5.0x5.0mm_P3.2mm,WS2812C,smt
328.55,-110.666667,135.0,bottom,D35,,,LED_WS2812B_PLCC4_5.0x5.0mm_P3.2mm,WS2812C,smt
354.325,-136.25,135.0,bottom,D36,,,LED_WS2812B_PLCC4_5.0x5.0mm_P3.2mm,WS2812C,smt
380.1,-161.833333,135.0,bottom,D37,,,LED_WS2812B_PLCC4_5.0x5.0mm_P3.2mm,WS2812C,smt
405.875,-187.416667,135.0,bottom,D38,,,LED_WS2812B_PLCC4_5.0x5.0mm_P3.2mm,WS2812C,smt
431.65,-213.0,90.0,bottom,D39,,,LED_WS2812B_PLCC4_5.0x5.0mm_P3.2mm,WS2812C,smt
196.170132,-179.666732,0.0,top,D4,,,LED_WS2812B-2020_PLCC4_2.0x2.0mm,WS2812C-2020,smt
405.875,-239.0,45.0,bottom,D40,,,LED_WS2812B_PLCC4_5.0x5.0mm_P3.2mm,WS2812C,smt
380.1,-265.0,45.0,bottom,D41,,,LED_WS2812B_PLCC4_5.0x5.0mm_P3.2mm,WS2812C,smt
354.325,-291.0,45.0,bottom,D42,,,LED_WS2812B_PLCC4_5.0x5.0mm_P3.2mm,WS2812C,smt
328.55,-317.0,45.0,bottom,D43,,,LED_WS2812B_PLCC4_5.0x5.0mm_P3.2mm,WS2812C,smt
296.367811,-175.87463,180.0,top,D44,,,LED_WS2812B-2020_PLCC4_2.0x2.0mm,WS2812C-2020,smt
301.5,-197.5,0.0,top,D45,,,LED_WS2812B-2020_PLCC4_2.0x2.0mm,WS2812C-2020,smt
310.585,-190.95,180.0,top,D46,,,LED_WS2812B-2020_PLCC4_2.0x2.0mm,WS2812C-2020,smt
304.0,-214.5,0.0,top,D47,,,LED_WS2812B-2020_PLCC4_2.0x2.0mm,WS2812C-2020,smt
296.5,-238.0,0.0,top,D48,,,LED_WS2812B-2020_PLCC4_2.0x2.0mm,WS2812C-2020,smt
306.0,-219.5,0.0,top,D49,,,LED_WS2812B-2020_PLCC4_2.0x2.0mm,WS2812C-2020,smt
205.5,-195.0,180.0,top,D5,,,LED_WS2812B-2020_PLCC4_2.0x2.0mm,WS2812C-2020,smt
341.0,-190.0,180.0,top,D50,,,LED_WS2812B-2020_PLCC4_2.0x2.0mm,WS2812C-2020,smt
324.673377,-189.690804,180.0,top,D51,,,LED_WS2812B-2020_PLCC4_2.0x2.0mm,WS2812C-2020,smt
332.585,-186.45,180.0,top,D52,,,LED_WS2812B-2020_PLCC4_2.0x2.0mm,WS2812C-2020,smt
330.15572,-195.759208,180.0,top,D53,,,LED_WS2812B-2020_PLCC4_2.0x2.0mm,WS2812C-2020,smt
362.5,-177.0,180.0,top,D54,,,LED_WS2812B-2020_PLCC4_2.0x2.0mm,WS2812C-2020,smt
350.0,-185.0,180.0,top,D55,,,LED_WS2812B-2020_PLCC4_2.0x2.0mm,WS2812C-2020,smt
353.5,-174.0,180.0,top,D56,,,LED_WS2812B-2020_PLCC4_2.0x2.0mm,WS2812C-2020,smt
361.001851,-181.84991,0.0,top,D57,,,LED_WS2812B-2020_PLCC4_2.0x2.0mm,WS2812C-2020,smt
351.085,-199.95,0.0,top,D58,,,LED_WS2812B-2020_PLCC4_2.0x2.0mm,WS2812C-2020,smt
356.0,-203.0,0.0,top,D59,,,LED_WS2812B-2020_PLCC4_2.0x2.0mm,WS2812C-2020,smt
219.0,-173.5,180.0,top,D6,,,LED_WS2812B-2020_PLCC4_2.0x2.0mm,WS2812C-2020,smt
352.085,-209.45,180.0,top,D60,,,LED_WS2812B-2020_PLCC4_2.0x2.0mm,WS2812C-2020,smt
366.085,-198.95,0.0,top,D61,,,LED_WS2812B-2020_PLCC4_2.0x2.0mm,WS2812C-2020,smt
358.933086,-191.190628,180.0,top,D62,,,LED_WS2812B-2020_PLCC4_2.0x2.0mm,WS2812C-2020,smt
357.5,-220.0,180.0,top,D63,,,LED_WS2812B-2020_PLCC4_2.0x2.0mm,WS2812C-2020,smt
369.925,-176.615,180.0,top,D64,,,LED_WS2812B-2020_PLCC4_2.0x2.0mm,WS2812C-2020,smt
378.5,-248.45,180.0,top,D65,,,LED_WS2812B-2020_PLCC4_2.0x2.0mm,WS2812C-2020,smt
228.172534,-175.278869,180.0,top,D7,,,LED_WS2812B-2020_PLCC4_2.0x2.0mm,WS2812C-2020,smt
220.0,-188.5,0.0,top,D8,,,LED_WS2812B-2020_PLCC4_2.0x2.0mm,WS2812C-2020,smt
225.5,-172.5,180.0,top,D9,,,LED_WS2812B-2020_PLCC4_2.0x2.0mm,WS2812C-2020,smt
151.763691,-196.7,0.0,top,J1,,,PinHeader_1x04_P2.54mm_Vertical,OLED Display,tht
314.075909,-332.435883,-135.0,top,J2,,,PinSocket_1x07_P2.54mm_Vertical,U1_Header_1,tht
294.075909,-352.435883,-135.0,top,J3,,,PinSocket_1x07_P2.54mm_Vertical,U1_Header_2,tht
145.19,-211.5,0.0,top,R1,,,R_Axial_DIN0207_L6.3mm_D2.5mm_P7.62mm_Horizontal,10k,tht
163.19,-211.5,0.0,top,R2,,,R_Axial_DIN0207_L6.3mm_D2.5mm_P7.62mm_Horizontal,10k,tht
180.69,-211.5,0.0,top,R3,,,R_Axial_DIN0207_L6.3mm_D2.5mm_P7.62mm_Horizontal,10k,tht
321.171573,-329.0,45.0,top,SW1,,,SW_Slide_SPDT_Angled_CK_OS102011MA1Q,SW_SPDT,tht
142.75,-220.5,0.0,top,SW2,,,SW_PUSH-12mm,SW_Push,tht
160.75,-220.5,0.0,top,SW3,,,SW_PUSH-12mm,SW_Push,tht
178.75,-220.5,0.0,top,SW4,,,SW_PUSH-12mm,SW_Push,tht
298.5,-337.0,-135.0,top,U1,,,XIAO-ESP32S3-DIP,MOUDLE-SEEEDUINO-XIAO-ESP32S3,smt
