﻿Designator,Quantity,Value,Footprint,Package,MPN,DNP,Mount_Type,Description
BT1,1,Battery Connector,JST_PH_S2B-PH-K_1x02_P2.00mm_Horizontal,,,,tht,Single-cell battery
"D10, D11, D12, D13, D14, D15, D16, D17, D18, D19, D2, D20, D21, D22, D3, D4, D44, D45, D46, D47, D48, D49, D5, D50, D51, D52, D53, D54, D55, D56, D57, D58, D59, D6, D60, D61, D62, D63, D64, D65, D7, D8, D9",43,WS2812C-2020,LED_WS2812B-2020_PLCC4_2.0x2.0mm,,,,smt,"RGB LED with integrated controller, 2.0 x 2.0 mm, 12 mA"
"D23, D24, D25, D26, D27, D28, D29, D30, D31, D32, D33, D34, D35, D36, D37, D38, D39, D40, D41, D42, D43",21,WS2812C,LED_WS2812B_PLCC4_5.0x5.0mm_P3.2mm,,,,smt,RGB LED with integrated controller
J1,1,OLED Display,PinHeader_1x04_P2.54mm_Vertical,,,,tht,"Generic connector, single row, 01x04, script generated"
J2,1,U1_Header_1,PinSocket_1x07_P2.54mm_Vertical,,,,tht,"Generic connector, single row, 01x07, script generated"
J3,1,U1_Header_2,PinSocket_1x07_P2.54mm_Vertical,,,,tht,"Generic connector, single row, 01x07, script generated"
"R1, R2, R3",3,10k,R_Axial_DIN0207_L6.3mm_D2.5mm_P7.62mm_Horizontal,,,,tht,"Resistor, small symbol"
SW1,1,SW_SPDT,SW_Slide_SPDT_Angled_CK_OS102011MA1Q,,,,tht,"Switch, single pole double throw"
"SW2, SW3, SW4",3,SW_Push,SW_PUSH-12mm,,,,tht,"Push button switch, generic, two pins"
U1,1,MOUDLE-SEEEDUINO-XIAO-ESP32S3,XIAO-ESP32S3-DIP,,,,smt,
